set_id,card_id,quantity
A4A,1,12
A4A,2,4
A4A,3,1
A4A,4,10
A4A,5,5
A4A,6,6
A4A,7,4
A4A,8,11
A4A,9,5
A4A,10,2
A4A,11,4
A4A,12,4
A4A,13,6
A4A,14,6
A4A,15,4
A4A,16,5
A4A,17,10
A4A,18,3
A4A,19,7
A4A,20,1
A4A,21,11
A4A,22,3
A4A,23,2
A4A,24,11
A4A,25,2
A4A,26,8
A4A,27,5
A4A,28,2
A4A,29,4
A4A,30,9
A4A,31,3
A4A,32,4
A4A,33,8
A4A,34,7
A4A,35,2
A4A,36,3
A4A,37,2
A4A,38,8
A4A,39,3
A4A,40,7
A4A,41,4
A4A,42,3
A4A,43,10
A4A,44,4
A4A,45,3
A4A,46,5
A4A,47,3
A4A,48,7
A4A,49,7
A4A,50,2
A4A,51,7
A4A,52,4
A4A,53,5
A4A,54,5
A4A,55,3
A4A,56,11
A4A,57,15
A4A,58,4
A4A,59,2
A4A,60,7
A4A,61,4
A4A,62,5
A4A,63,3
A4A,64,6
A4A,65,9
A4A,66,6
A4A,67,6
A4A,68,5
A4A,69,3
A4A,70,6
A4A,71,8
A4A,72,1
A4A,73,2
A4A,74,1
A4A,75,1
A4A,76,2
A4A,77,1
A4A,78,0
A4A,79,0
A4A,80,1
A4A,81,0
A4A,82,0
A4A,83,0
A4A,84,0
A4A,85,0
A4A,86,1
A4A,87,0
A4A,88,0
A4A,89,0
A4A,90,1
A4A,91,0
A4A,92,0
A4A,93,0
A4A,94,0
A4A,95,0
A4A,96,0
A4A,97,0
A4A,98,1
A4A,99,0
A4A,100,0
A4A,101,0
A4A,102,2
A4A,103,0
A4A,104,0
A4A,105,0
A3,1,4
A3,2,1
A3,3,11
A3,4,5
A3,5,6
A3,6,13
A3,7,4
A3,8,4
A3,9,11
A3,10,6
A3,11,10
A3,12,4
A3,13,7
A3,14,9
A3,15,6
A3,16,4
A3,17,5
A3,18,7
A3,19,6
A3,20,1
A3,21,9
A3,22,2
A3,23,6
A3,24,2
A3,25,19
A3,26,6
A3,27,6
A3,28,9
A3,29,2
A3,30,8
A3,31,5
A3,32,3
A3,33,5
A3,34,2
A3,35,14
A3,36,12
A3,37,1
A3,38,12
A3,39,5
A3,40,5
A3,41,2
A3,42,6
A3,43,5
A3,44,7
A3,45,7
A3,46,2
A3,47,1
A3,48,1
A3,49,3
A3,50,14
A3,51,2
A3,52,13
A3,53,2
A3,54,2
A3,55,17
A3,56,1
A3,57,9
A3,58,6
A3,59,2
A3,60,7
A3,61,2
A3,62,13
A3,63,17
A3,64,2
A3,65,1
A3,66,5
A3,67,3
A3,68,1
A3,69,5
A3,70,7
A3,71,10
A3,72,7
A3,73,6
A3,74,10
A3,75,11
A3,76,3
A3,77,9
A3,78,8
A3,79,8
A3,80,3
A3,81,5
A3,82,1
A3,83,3
A3,84,1
A3,85,17
A3,86,12
A3,87,5
A3,88,1
A3,89,7
A3,90,15
A3,91,5
A3,92,3
A3,93,19
A3,94,3
A3,95,2
A3,96,2
A3,97,5
A3,98,4
A3,99,3
A3,100,1
A3,101,3
A3,102,3
A3,103,5
A3,104,4
A3,105,2
A3,106,6
A3,107,3
A3,108,1
A3,109,1
A3,110,3
A3,111,3
A3,112,1
A3,113,13
A3,114,11
A3,115,3
A3,116,5
A3,117,10
A3,118,11
A3,119,13
A3,120,6
A3,121,6
A3,122,3
A3,123,5
A3,124,1
A3,125,9
A3,126,4
A3,127,1
A3,128,4
A3,129,13
A3,130,11
A3,131,4
A3,132,6
A3,133,15
A3,134,5
A3,135,7
A3,136,6
A3,137,4
A3,138,12
A3,139,2
A3,140,1
A3,141,3
A3,142,6
A3,143,5
A3,144,15
A3,145,4
A3,146,5
A3,147,4
A3,148,4
A3,149,7
A3,150,8
A3,151,5
A3,152,4
A3,153,4
A3,154,2
A3,155,10
A3,156,2
A3,157,2
A3,158,1
A3,159,1
A3,160,1
A3,161,1
A3,162,1
A3,163,1
A3,164,1
A3,165,1
A3,166,1
A3,167,1
A3,168,1
A3,169,1
A3,170,1
A3,171,1
A3,172,1
A3,173,1
A3,174,1
A3,175,1
A3,176,1
A3,177,1
A3,178,1
A3,179,2
A3,180,0
A3,181,0
A3,182,0
A3,183,0
A3,184,0
A3,185,0
A3,186,0
A3,187,0
A3,188,0
A3,189,1
A3,190,0
A3,191,1
A3,192,0
A3,193,1
A3,194,0
A3,195,0
A3,196,0
A3,197,1
A3,198,0
A3,199,0
A3,200,0
A3,201,0
A3,202,0
A3,203,1
A3,204,0
A3,205,0
A3,206,1
A3,207,0
A3,208,0
A3,209,0
A3,210,1
A3,211,1
A3,212,0
A3,213,0
A3,214,1
A3,215,1
A3,216,0
A3,217,0
A3,218,0
A3,219,0
A3,220,1
A3,221,1
A3,222,0
A3,223,0
A3,224,1
A3,225,1
A3,226,1
A3,227,0
A3,228,0
A3,229,0
A3,230,0
A3,231,0
A3,232,2
A3,233,0
A3,234,0
A3,235,0
A3,236,0
A3,237,1
A3,238,1
A3,239,0
PA,1,2
PA,2,4
PA,3,1
PA,4,1
PA,5,8
PA,6,2
PA,7,8
PA,8,0
PA,9,1
PA,10,0
PA,11,1
PA,12,1
PA,13,1
PA,14,1
PA,15,1
PA,16,7
PA,17,0
PA,18,0
PA,19,0
PA,20,4
PA,21,1
PA,22,4
PA,23,1
PA,24,0
PA,25,0
PA,26,0
PA,27,2
PA,28,0
PA,29,1
PA,30,2
PA,31,4
PA,32,1
PA,33,1
PA,34,0
PA,35,2
PA,36,3
PA,37,0
PA,38,1
PA,39,2
PA,40,0
PA,41,1
PA,42,0
PA,43,3
PA,44,1
PA,45,0
PA,46,3
PA,47,1
PA,48,1
PA,49,1
PA,50,0
PA,51,0
PA,52,0
PA,53,2
PA,54,0
PA,55,1
PA,56,1
PA,57,1
PA,58,1
PA,59,1
PA,60,0
PA,61,0
PA,62,0
PA,63,0
PA,64,0
PA,65,1
PA,66,0
PA,67,0
PA,68,0
PA,69,0
PA,70,0
PA,71,0
PA,72,0
PA,73,1
PA,74,1
PA,75,1
PA,76,5
PA,77,3
PA,78,4
PA,79,3
PA,80,4
PA,81,3
PA,82,1
PA,83,1
PA,84,1
PA,85,6
PA,86,5
PA,87,5
PA,88,8
PA,89,5
PA,90,1
PA,91,1
PA,92,1
PA,93,1
PA,94,4
PA,95,3
PA,96,1
PA,97,5
PA,98,3
PA,99,1
PA,100,2
PA,101,1
PA,102,8
PA,103,5
PA,104,2
PA,105,4
PA,106,1
PA,107,2
PA,108,1
PA,109,1
PA,110,1
PA,111,4
PA,112,3
PA,113,5
PA,114,4
PA,115,1
PA,116,1
PA,117,1
A1,1,11
A1,2,11
A1,3,1
A1,4,3
A1,5,8
A1,6,8
A1,7,2
A1,8,7
A1,9,4
A1,10,1
A1,11,6
A1,12,4
A1,13,2
A1,14,6
A1,15,7
A1,16,2
A1,17,3
A1,18,6
A1,19,3
A1,20,1
A1,21,15
A1,22,3
A1,23,8
A1,24,4
A1,25,9
A1,26,14
A1,27,24
A1,28,14
A1,29,8
A1,30,8
A1,31,9
A1,32,4
A1,33,10
A1,34,9
A1,35,2
A1,36,4
A1,37,4
A1,38,6
A1,39,17
A1,40,4
A1,41,3
A1,42,16
A1,43,12
A1,44,7
A1,45,1
A1,46,1
A1,47,5
A1,48,16
A1,49,6
A1,50,2
A1,51,11
A1,52,12
A1,53,10
A1,54,10
A1,55,1
A1,56,4
A1,57,14
A1,58,9
A1,59,8
A1,60,3
A1,61,1
A1,62,7
A1,63,2
A1,64,4
A1,65,4
A1,66,2
A1,67,2
A1,68,4
A1,69,4
A1,70,8
A1,71,3
A1,72,3
A1,73,4
A1,74,13
A1,75,3
A1,76,7
A1,77,4
A1,78,3
A1,79,3
A1,80,5
A1,81,1
A1,82,1
A1,83,1
A1,84,5
A1,85,11
A1,86,5
A1,87,15
A1,88,7
A1,89,8
A1,90,8
A1,91,11
A1,92,10
A1,93,10
A1,94,15
A1,95,1
A1,96,5
A1,97,9
A1,98,5
A1,99,6
A1,100,3
A1,101,8
A1,102,2
A1,103,1
A1,104,3
A1,105,22
A1,106,9
A1,107,4
A1,108,1
A1,109,2
A1,110,7
A1,111,13
A1,112,7
A1,113,8
A1,114,4
A1,115,4
A1,116,4
A1,117,5
A1,118,4
A1,119,10
A1,120,8
A1,121,8
A1,122,2
A1,123,3
A1,124,6
A1,125,3
A1,126,4
A1,127,13
A1,128,5
A1,129,4
A1,130,4
A1,131,2
A1,132,6
A1,133,17
A1,134,23
A1,135,15
A1,136,15
A1,137,13
A1,138,10
A1,139,5
A1,140,4
A1,141,6
A1,142,3
A1,143,9
A1,144,11
A1,145,4
A1,146,7
A1,147,4
A1,148,2
A1,149,1
A1,150,3
A1,151,8
A1,152,1
A1,153,6
A1,154,4
A1,155,5
A1,156,2
A1,157,5
A1,158,3
A1,159,1
A1,160,5
A1,161,1
A1,162,12
A1,163,8
A1,164,8
A1,165,7
A1,166,10
A1,167,3
A1,168,4
A1,169,4
A1,170,3
A1,171,2
A1,172,4
A1,173,3
A1,174,5
A1,175,2
A1,176,6
A1,177,1
A1,178,2
A1,179,13
A1,180,14
A1,181,6
A1,182,1
A1,183,4
A1,184,4
A1,185,1
A1,186,3
A1,187,3
A1,188,1
A1,189,19
A1,190,14
A1,191,7
A1,192,3
A1,193,12
A1,194,2
A1,195,5
A1,196,4
A1,197,3
A1,198,22
A1,199,14
A1,200,14
A1,201,4
A1,202,3
A1,203,3
A1,204,7
A1,205,1
A1,206,4
A1,207,7
A1,208,6
A1,209,3
A1,210,1
A1,211,1
A1,212,14
A1,213,6
A1,214,13
A1,215,12
A1,216,6
A1,217,7
A1,218,13
A1,219,12
A1,220,4
A1,221,2
A1,222,1
A1,223,10
A1,224,6
A1,225,12
A1,226,4
A1,227,2
A1,228,1
A1,229,1
A1,230,2
A1,231,1
A1,232,1
A1,233,2
A1,234,1
A1,235,1
A1,236,2
A1,237,1
A1,238,1
A1,239,1
A1,240,1
A1,241,1
A1,242,1
A1,243,2
A1,244,1
A1,245,1
A1,246,1
A1,247,1
A1,248,1
A1,249,1
A1,250,1
A1,251,1
A1,252,0
A1,253,0
A1,254,0
A1,255,0
A1,256,0
A1,257,0
A1,258,0
A1,259,0
A1,260,0
A1,261,0
A1,262,1
A1,263,0
A1,264,0
A1,265,1
A1,266,0
A1,267,0
A1,268,0
A1,269,0
A1,270,1
A1,271,0
A1,272,2
A1,273,0
A1,274,1
A1,275,1
A1,276,1
A1,277,1
A1,278,0
A1,279,0
A1,280,0
A1,281,0
A1,282,2
A1,283,1
A1,284,0
A1,285,0
A1,286,0
B3,1,4
B3,2,9
B3,3,3
B3,4,4
B3,5,6
B3,6,9
B3,7,1
B3,8,2
B3,9,9
B3,10,5
B3,11,9
B3,12,1
B3,13,1
B3,14,5
B3,15,3
B3,16,9
B3,17,8
B3,18,9
B3,19,7
B3,20,1
B3,21,11
B3,22,3
B3,23,5
B3,24,8
B3,25,2
B3,26,8
B3,27,5
B3,28,1
B3,29,7
B3,30,9
B3,31,8
B3,32,5
B3,33,12
B3,34,7
B3,35,1
B3,36,5
B3,37,5
B3,38,6
B3,39,6
B3,40,8
B3,41,10
B3,42,6
B3,43,5
B3,44,7
B3,45,2
B3,46,6
B3,47,5
B3,48,9
B3,49,3
B3,50,1
B3,51,1
B3,52,7
B3,53,9
B3,54,6
B3,55,5
B3,56,9
B3,57,9
B3,58,3
B3,59,2
B3,60,6
B3,61,1
B3,62,5
B3,63,14
B3,64,4
B3,65,4
B3,66,3
B3,67,1
B3,68,9
B3,69,10
B3,70,5
B3,71,2
B3,72,5
B3,73,2
B3,74,5
B3,75,5
B3,76,11
B3,77,3
B3,78,1
B3,79,18
B3,80,4
B3,81,4
B3,82,9
B3,83,3
B3,84,2
B3,85,9
B3,86,6
B3,87,8
B3,88,3
B3,89,2
B3,90,2
B3,91,3
B3,92,12
B3,93,6
B3,94,1
B3,95,6
B3,96,1
B3,97,11
B3,98,15
B3,99,1
B3,100,1
B3,101,8
B3,102,8
B3,103,8
B3,104,7
B3,105,8
B3,106,4
B3,107,5
B3,108,5
B3,109,10
B3,110,7
B3,111,9
B3,112,7
B3,113,1
B3,114,3
B3,115,2
B3,116,5
B3,117,7
B3,118,6
B3,119,1
B3,120,5
B3,121,1
B3,122,6
B3,123,3
B3,124,2
B3,125,7
B3,126,3
B3,127,3
B3,128,1
B3,129,9
B3,130,1
B3,131,11
B3,132,5
B3,133,8
B3,134,2
B3,135,5
B3,136,7
B3,137,8
B3,138,6
B3,139,2
B3,140,8
B3,141,4
B3,142,6
B3,143,10
B3,144,6
B3,145,11
B3,146,7
B3,147,2
B3,148,4
B3,149,2
B3,150,4
B3,151,5
B3,152,7
B3,153,6
B3,154,7
B3,155,1
B3,156,1
B3,157,1
B3,158,1
B3,159,1
B3,160,2
B3,161,1
B3,162,1
B3,163,1
B3,164,1
B3,165,1
B3,166,1
B3,167,3
B3,168,1
B3,169,1
B3,170,1
B3,171,2
B3,172,1
B3,173,1
B3,174,1
B3,175,1
B3,176,3
B3,177,2
B3,178,1
B3,179,1
B3,180,0
B3,181,0
B3,182,1
B3,183,0
B3,184,0
B3,185,0
B3,186,0
B3,187,0
B3,188,0
B3,189,0
B3,190,0
B3,191,0
B3,192,0
B3,193,0
B3,194,0
B3,195,0
B3,196,1
B3,197,0
B3,198,1
B3,199,1
B3,200,1
B3,201,1
B3,202,1
B3,203,1
B3,204,1
B3,205,0
B3,206,0
B3,207,0
B3,208,0
B3,209,1
B3,210,0
B3,211,2
B3,212,0
B3,213,0
B3,214,0
B3,215,0
B3,216,0
B3,217,0
B3,218,0
B3,219,0
B3,220,1
B3,221,0
B3,222,0
B3,223,0
B3,224,0
B3,225,1
B3,226,0
B3,227,0
B3,228,1
B3,229,1
B3,230,0
B3,231,1
B3,232,0
B3,233,0
B3,234,0
B2,1,14
B2,2,16
B2,3,13
B2,4,20
B2,5,5
B2,6,14
B2,7,6
B2,8,18
B2,9,16
B2,10,4
B2,11,16
B2,12,15
B2,13,12
B2,14,3
B2,15,12
B2,16,9
B2,17,4
B2,18,6
B2,19,2
B2,20,15
B2,21,8
B2,22,5
B2,23,3
B2,24,16
B2,25,7
B2,26,3
B2,27,5
B2,28,21
B2,29,4
B2,30,16
B2,31,6
B2,32,9
B2,33,25
B2,34,14
B2,35,3
B2,36,2
B2,37,12
B2,38,14
B2,39,6
B2,40,15
B2,41,12
B2,42,2
B2,43,14
B2,44,13
B2,45,21
B2,46,15
B2,47,17
B2,48,4
B2,49,21
B2,50,2
B2,51,1
B2,52,13
B2,53,22
B2,54,17
B2,55,3
B2,56,19
B2,57,6
B2,58,15
B2,59,15
B2,60,13
B2,61,9
B2,62,15
B2,63,11
B2,64,9
B2,65,5
B2,66,5
B2,67,22
B2,68,12
B2,69,4
B2,70,8
B2,71,11
B2,72,2
B2,73,5
B2,74,20
B2,75,5
B2,76,15
B2,77,16
B2,78,13
B2,79,17
B2,80,13
B2,81,6
B2,82,7
B2,83,13
B2,84,9
B2,85,18
B2,86,12
B2,87,5
B2,88,11
B2,89,11
B2,90,3
B2,91,13
B2,92,12
B2,93,5
B2,94,13
B2,95,9
B2,96,12
B2,97,5
B2,98,19
B2,99,13
B2,100,3
B2,101,11
B2,102,11
B2,103,5
B2,104,10
B2,105,11
B2,106,8
B2,107,6
B2,108,2
B2,109,4
B2,110,18
B2,111,2
B2,112,16
B2,113,3
B2,114,10
B2,115,14
B2,116,16
B2,117,6
B2,118,13
B2,119,5
B2,120,4
B2,121,11
B2,122,15
B2,123,3
B2,124,12
B2,125,15
B2,126,11
B2,127,1
B2,128,15
B2,129,14
B2,130,9
B2,131,2
B2,132,14
B2,133,3
B2,134,15
B2,135,10
B2,136,2
B2,137,16
B2,138,4
B2,139,11
B2,140,10
B2,141,7
B2,142,10
B2,143,8
B2,144,21
B2,145,7
B2,146,14
B2,147,15
B2,148,9
B2,149,9
B2,150,12
B2,151,8
B2,152,11
B2,153,13
B2,154,10
B2,155,11
B2,156,1
B2,157,2
B2,158,2
B2,159,1
B2,160,2
B2,161,1
B2,162,1
B2,163,2
B2,164,2
B2,165,4
B2,166,2
B2,167,2
B2,168,3
B2,169,3
B2,170,5
B2,171,3
B2,172,1
B2,173,2
B2,174,1
B2,175,1
B2,176,5
B2,177,2
B2,178,2
B2,179,4
B2,180,0
B2,181,0
B2,182,0
B2,183,1
B2,184,0
B2,185,0
B2,186,1
B2,187,0
B2,188,1
B2,189,1
B2,190,0
B2,191,1
B2,192,1
B2,193,1
B2,194,0
B2,195,1
B2,196,1
B2,197,0
B2,198,1
B2,199,1
B2,200,1
B2,201,1
B2,202,1
B2,203,1
B2,204,1
B2,205,1
B2,206,0
B2,207,0
B2,208,0
B2,209,2
B2,210,0
B2,211,1
B2,212,1
B2,213,1
B2,214,2
B2,215,2
B2,216,0
B2,217,0
B2,218,0
B2,219,0
B2,220,0
B2,221,1
B2,222,0
B2,223,3
B2,224,0
B2,225,1
B2,226,1
B2,227,1
B2,228,1
B2,229,1
B2,230,0
B2,231,2
B2,232,2
B2,233,0
B2,234,0
A4,1,4
A4,2,2
A4,3,1
A4,4,8
A4,5,2
A4,6,3
A4,7,6
A4,8,2
A4,9,3
A4,10,1
A4,11,4
A4,12,7
A4,13,14
A4,14,6
A4,15,6
A4,16,16
A4,17,8
A4,18,8
A4,19,7
A4,20,12
A4,21,5
A4,22,1
A4,23,12
A4,24,10
A4,25,3
A4,26,1
A4,27,6
A4,28,1
A4,29,2
A4,30,7
A4,31,4
A4,32,2
A4,33,2
A4,34,8
A4,35,13
A4,36,7
A4,37,10
A4,38,4
A4,39,1
A4,40,1
A4,41,15
A4,42,5
A4,43,4
A4,44,7
A4,45,1
A4,46,5
A4,47,6
A4,48,3
A4,49,8
A4,50,4
A4,51,8
A4,52,5
A4,53,1
A4,54,11
A4,55,4
A4,56,1
A4,57,6
A4,58,1
A4,59,2
A4,60,10
A4,61,4
A4,62,11
A4,63,4
A4,64,11
A4,65,7
A4,66,1
A4,67,5
A4,68,2
A4,69,1
A4,70,1
A4,71,1
A4,72,6
A4,73,1
A4,74,3
A4,75,1
A4,76,7
A4,77,1
A4,78,4
A4,79,5
A4,80,1
A4,81,6
A4,82,1
A4,83,5
A4,84,1
A4,85,1
A4,86,2
A4,87,9
A4,88,11
A4,89,8
A4,90,11
A4,91,7
A4,92,3
A4,93,11
A4,94,6
A4,95,3
A4,96,5
A4,97,5
A4,98,1
A4,99,13
A4,100,7
A4,101,4
A4,102,9
A4,103,4
A4,104,5
A4,105,3
A4,106,2
A4,107,5
A4,108,1
A4,109,7
A4,110,11
A4,111,2
A4,112,8
A4,113,2
A4,114,3
A4,115,5
A4,116,5
A4,117,7
A4,118,6
A4,119,1
A4,120,7
A4,121,5
A4,122,1
A4,123,1
A4,124,3
A4,125,9
A4,126,4
A4,127,5
A4,128,1
A4,129,11
A4,130,6
A4,131,2
A4,132,1
A4,133,1
A4,134,9
A4,135,1
A4,136,3
A4,137,1
A4,138,6
A4,139,3
A4,140,6
A4,141,3
A4,142,8
A4,143,10
A4,144,12
A4,145,5
A4,146,2
A4,147,2
A4,148,1
A4,149,5
A4,150,9
A4,151,12
A4,152,2
A4,153,3
A4,154,5
A4,155,8
A4,156,2
A4,157,7
A4,158,11
A4,159,4
A4,160,3
A4,161,2
A4,162,1
A4,163,1
A4,164,1
A4,165,1
A4,166,1
A4,167,1
A4,168,1
A4,169,1
A4,170,1
A4,171,1
A4,172,1
A4,173,1
A4,174,1
A4,175,1
A4,176,1
A4,177,1
A4,178,1
A4,179,1
A4,180,1
A4,181,1
A4,182,1
A4,183,1
A4,184,1
A4,185,1
A4,186,0
A4,187,0
A4,188,0
A4,189,0
A4,190,0
A4,191,0
A4,192,0
A4,193,0
A4,194,0
A4,195,0
A4,196,0
A4,197,0
A4,198,1
A4,199,0
A4,200,0
A4,201,0
A4,202,0
A4,203,0
A4,204,0
A4,205,1
A4,206,1
A4,207,1
A4,208,1
A4,209,0
A4,210,1
A4,211,1
A4,212,0
A4,213,0
A4,214,0
A4,215,1
A4,216,0
A4,217,1
A4,218,0
A4,219,0
A4,220,0
A4,221,0
A4,222,1
A4,223,0
A4,224,0
A4,225,0
A4,226,1
A4,227,0
A4,228,1
A4,229,0
A4,230,0
A4,231,1
A4,232,1
A4,233,1
A4,234,0
A4,235,1
A4,236,1
A4,237,0
A4,238,1
A4,239,0
A4,240,0
A4,241,0
B3B,1,5
B3B,2,1
B3B,3,3
B3B,4,9
B3B,5,7
B3B,6,11
B3B,7,3
B3B,8,8
B3B,9,2
B3B,10,8
B3B,11,13
B3B,12,7
B3B,13,10
B3B,14,16
B3B,15,2
B3B,16,8
B3B,17,4
B3B,18,11
B3B,19,6
B3B,20,7
B3B,21,11
B3B,22,1
B3B,23,9
B3B,24,2
B3B,25,15
B3B,26,9
B3B,27,4
B3B,28,10
B3B,29,5
B3B,30,4
B3B,31,4
B3B,32,2
B3B,33,2
B3B,34,5
B3B,35,7
B3B,36,16
B3B,37,6
B3B,38,8
B3B,39,20
B3B,40,7
B3B,41,3
B3B,42,4
B3B,43,3
B3B,44,9
B3B,45,6
B3B,46,10
B3B,47,2
B3B,48,17
B3B,49,1
B3B,50,1
B3B,51,7
B3B,52,6
B3B,53,11
B3B,54,4
B3B,55,2
B3B,56,11
B3B,57,6
B3B,58,2
B3B,59,18
B3B,60,2
B3B,61,10
B3B,62,8
B3B,63,6
B3B,64,9
B3B,65,8
B3B,66,9
B3B,67,8
B3B,68,5
B3B,69,3
B3B,70,5
B3B,71,3
B3B,72,3
B3B,73,1
B3B,74,4
B3B,75,3
B3B,76,3
B3B,77,1
B3B,78,1
B3B,79,1
B3B,80,1
B3B,81,0
B3B,82,0
B3B,83,1
B3B,84,1
B3B,85,0
B3B,86,1
B3B,87,1
B3B,88,1
B3B,89,1
B3B,90,0
B3B,91,0
B3B,92,0
B3B,93,0
B3B,94,0
B3B,95,0
B3B,96,0
B3B,97,1
B3B,98,0
B3B,99,0
B3B,100,1
B3B,101,0
B3B,102,1
B3B,103,0
B3B,104,1
B3B,105,0
B3B,106,1
B4A,1,10
B4A,2,7
B4A,3,10
B4A,4,6
B4A,5,3
B4A,6,8
B4A,7,1
B4A,8,5
B4A,9,3
B4A,10,10
B4A,11,5
B4A,12,2
B4A,13,5
B4A,14,2
B4A,15,9
B4A,16,4
B4A,17,6
B4A,18,6
B4A,19,12
B4A,20,2
B4A,21,2
B4A,22,8
B4A,23,3
B4A,24,13
B4A,25,9
B4A,26,1
B4A,27,7
B4A,28,4
B4A,29,6
B4A,30,2
B4A,31,10
B4A,32,2
B4A,33,4
B4A,34,6
B4A,35,8
B4A,36,2
B4A,37,3
B4A,38,4
B4A,39,7
B4A,40,13
B4A,41,3
B4A,42,4
B4A,43,1
B4A,44,7
B4A,45,8
B4A,46,11
B4A,47,1
B4A,48,6
B4A,49,9
B4A,50,1
B4A,51,4
B4A,52,7
B4A,53,8
B4A,54,3
B4A,55,3
B4A,56,3
B4A,57,7
B4A,58,8
B4A,59,1
B4A,60,12
B4A,61,8
B4A,62,8
B4A,63,1
B4A,64,6
B4A,65,10
B4A,66,7
B4A,67,7
B4A,68,6
B4A,69,2
B4A,70,7
B4A,71,8
B4A,72,10
B4A,73,1
B4A,74,1
B4A,75,3
B4A,76,1
B4A,77,1
B4A,78,1
B4A,79,1
B4A,80,0
B4A,81,0
B4A,82,1
B4A,83,1
B4A,84,0
B4A,85,0
B4A,86,0
B4A,87,0
B4A,88,1
B4A,89,1
B4A,90,1
B4A,91,1
B4A,92,0
B4A,93,1
B4A,94,1
B4A,95,0
B4A,96,0
B4A,97,0
B4A,98,0
B4A,99,0
B4A,100,0
B4A,101,1
B4A,102,0
B4A,103,0
B4A,104,0
B4A,105,0
B4A,106,1
B4A,107,1
B4A,108,0
B4A,109,0
B4A,110,0
A2A,1,1
A2A,2,6
A2A,3,2
A2A,4,3
A2A,5,5
A2A,6,3
A2A,7,3
A2A,8,2
A2A,9,1
A2A,10,10
A2A,11,5
A2A,12,2
A2A,13,8
A2A,14,8
A2A,15,1
A2A,16,3
A2A,17,1
A2A,18,3
A2A,19,2
A2A,20,3
A2A,21,1
A2A,22,2
A2A,23,1
A2A,24,2
A2A,25,7
A2A,26,1
A2A,27,4
A2A,28,2
A2A,29,1
A2A,30,1
A2A,31,4
A2A,32,4
A2A,33,2
A2A,34,2
A2A,35,1
A2A,36,8
A2A,37,3
A2A,38,1
A2A,39,4
A2A,40,1
A2A,41,1
A2A,42,13
A2A,43,2
A2A,44,2
A2A,45,7
A2A,46,8
A2A,47,3
A2A,48,10
A2A,49,10
A2A,50,5
A2A,51,2
A2A,52,1
A2A,53,4
A2A,54,7
A2A,55,1
A2A,56,4
A2A,57,5
A2A,58,3
A2A,59,2
A2A,60,2
A2A,61,1
A2A,62,3
A2A,63,1
A2A,64,2
A2A,65,5
A2A,66,1
A2A,67,2
A2A,68,1
A2A,69,6
A2A,70,1
A2A,71,6
A2A,72,9
A2A,73,1
A2A,74,3
A2A,75,3
A2A,76,1
A2A,77,1
A2A,78,1
A2A,79,1
A2A,80,1
A2A,81,1
A2A,82,0
A2A,83,0
A2A,84,0
A2A,85,0
A2A,86,0
A2A,87,2
A2A,88,0
A2A,89,1
A2A,90,1
A2A,91,1
A2A,92,1
A2A,93,1
A2A,94,0
A2A,95,2
A2A,96,1
A4B,1,11
A4B,2,3
A4B,3,11
A4B,4,1
A4B,5,3
A4B,6,50
A4B,7,1
A4B,8,48
A4B,9,5
A4B,10,7
A4B,11,15
A4B,12,2
A4B,13,8
A4B,14,14
A4B,15,1
A4B,16,6
A4B,17,1
A4B,18,6
A4B,19,1
A4B,20,7
A4B,21,1
A4B,22,8
A4B,23,5
A4B,24,5
A4B,25,12
A4B,26,1
A4B,27,10
A4B,28,1
A4B,29,10
A4B,30,5
A4B,31,1
A4B,32,11
A4B,33,2
A4B,34,6
A4B,35,3
A4B,36,8
A4B,37,1
A4B,38,6
A4B,39,1
A4B,40,10
A4B,41,1
A4B,42,4
A4B,43,6
A4B,44,6
A4B,45,9
A4B,46,2
A4B,47,13
A4B,48,1
A4B,49,67
A4B,50,1
A4B,51,49
A4B,52,1
A4B,53,15
A4B,54,2
A4B,55,10
A4B,56,1
A4B,57,9
A4B,58,1
A4B,59,4
A4B,60,7
A4B,61,17
A4B,62,1
A4B,63,3
A4B,64,5
A4B,65,1
A4B,66,9
A4B,67,5
A4B,68,8
A4B,69,24
A4B,70,1
A4B,71,10
A4B,72,2
A4B,73,8
A4B,74,1
A4B,75,5
A4B,76,8
A4B,77,1
A4B,78,8
A4B,79,1
A4B,80,3
A4B,81,2
A4B,82,5
A4B,83,10
A4B,84,1
A4B,85,10
A4B,86,2
A4B,87,4
A4B,88,15
A4B,89,1
A4B,90,5
A4B,91,1
A4B,92,4
A4B,93,13
A4B,94,2
A4B,95,7
A4B,96,15
A4B,97,1
A4B,98,5
A4B,99,6
A4B,100,2
A4B,101,5
A4B,102,10
A4B,103,1
A4B,104,4
A4B,105,2
A4B,106,2
A4B,107,5
A4B,108,6
A4B,109,2
A4B,110,15
A4B,111,2
A4B,112,7
A4B,113,1
A4B,114,8
A4B,115,1
A4B,116,24
A4B,117,1
A4B,118,23
A4B,119,1
A4B,120,4
A4B,121,3
A4B,122,14
A4B,123,2
A4B,124,2
A4B,125,67
A4B,126,1
A4B,127,12
A4B,128,15
A4B,129,1
A4B,130,6
A4B,131,5
A4B,132,15
A4B,133,9
A4B,134,1
A4B,135,5
A4B,136,1
A4B,137,5
A4B,138,2
A4B,139,3
A4B,140,11
A4B,141,1
A4B,142,7
A4B,143,47
A4B,144,1
A4B,145,10
A4B,146,5
A4B,147,1
A4B,148,4
A4B,149,2
A4B,150,2
A4B,151,8
A4B,152,1
A4B,153,8
A4B,154,1
A4B,155,3
A4B,156,13
A4B,157,2
A4B,158,4
A4B,159,3
A4B,160,5
A4B,161,11
A4B,162,2
A4B,163,7
A4B,164,5
A4B,165,1
A4B,166,9
A4B,167,1
A4B,168,6
A4B,169,1
A4B,170,10
A4B,171,1
A4B,172,6
A4B,173,20
A4B,174,2
A4B,175,18
A4B,176,1
A4B,177,7
A4B,178,9
A4B,179,1
A4B,180,17
A4B,181,1
A4B,182,12
A4B,183,2
A4B,184,5
A4B,185,16
A4B,186,1
A4B,187,15
A4B,188,2
A4B,189,9
A4B,190,1
A4B,191,11
A4B,192,1
A4B,193,7
A4B,194,8
A4B,195,1
A4B,196,6
A4B,197,5
A4B,198,8
A4B,199,1
A4B,200,13
A4B,201,2
A4B,202,7
A4B,203,13
A4B,204,2
A4B,205,7
A4B,206,1
A4B,207,8
A4B,208,1
A4B,209,3
A4B,210,56
A4B,211,2
A4B,212,11
A4B,213,2
A4B,214,6
A4B,215,3
A4B,216,19
A4B,217,1
A4B,218,5
A4B,219,1
A4B,220,4
A4B,221,2
A4B,222,6
A4B,223,4
A4B,224,4
A4B,225,2
A4B,226,10
A4B,227,1
A4B,228,10
A4B,229,1
A4B,230,5
A4B,231,1
A4B,232,7
A4B,233,3
A4B,234,2
A4B,235,3
A4B,236,51
A4B,237,2
A4B,238,5
A4B,239,8
A4B,240,1
A4B,241,8
A4B,242,11
A4B,243,1
A4B,244,4
A4B,245,5
A4B,246,5
A4B,247,1
A4B,248,4
A4B,249,20
A4B,250,2
A4B,251,4
A4B,252,3
A4B,253,5
A4B,254,4
A4B,255,13
A4B,256,2
A4B,257,6
A4B,258,1
A4B,259,3
A4B,260,5
A4B,261,1
A4B,262,58
A4B,263,1
A4B,264,48
A4B,265,2
A4B,266,11
A4B,267,27
A4B,268,1
A4B,269,22
A4B,270,1
A4B,271,4
A4B,272,6
A4B,273,1
A4B,274,16
A4B,275,2
A4B,276,4
A4B,277,12
A4B,278,1
A4B,279,5
A4B,280,22
A4B,281,1
A4B,282,8
A4B,283,3
A4B,284,7
A4B,285,16
A4B,286,2
A4B,287,5
A4B,288,2
A4B,289,5
A4B,290,13
A4B,291,2
A4B,292,11
A4B,293,1
A4B,294,64
A4B,295,1
A4B,296,9
A4B,297,6
A4B,298,3
A4B,299,6
A4B,300,8
A4B,301,2
A4B,302,4
A4B,303,2
A4B,304,4
A4B,305,1
A4B,306,50
A4B,307,1
A4B,308,14
A4B,309,1
A4B,310,12
A4B,311,2
A4B,312,13
A4B,313,1
A4B,314,15
A4B,315,2
A4B,316,9
A4B,317,2
A4B,318,6
A4B,319,2
A4B,320,11
A4B,321,3
A4B,322,7
A4B,323,2
A4B,324,4
A4B,325,2
A4B,326,12
A4B,327,5
A4B,328,12
A4B,329,1
A4B,330,9
A4B,331,2
A4B,332,7
A4B,333,3
A4B,334,10
A4B,335,1
A4B,336,11
A4B,337,1
A4B,338,12
A4B,339,1
A4B,340,41
A4B,341,2
A4B,342,6
A4B,343,1
A4B,344,7
A4B,345,1
A4B,346,10
A4B,347,1
A4B,348,10
A4B,349,1
A4B,350,10
A4B,351,2
A4B,352,43
A4B,353,2
A4B,354,4
A4B,355,5
A4B,356,4
A4B,357,3
A4B,358,3
A4B,359,5
A4B,360,1
A4B,361,0
A4B,362,0
A4B,363,0
A4B,364,1
A4B,365,0
A4B,366,0
A4B,367,0
A4B,368,1
A4B,369,1
A4B,370,1
A4B,371,0
A4B,372,1
A4B,373,2
A4B,374,1
A4B,375,1
A4B,376,3
A4B,377,2
A4B,378,1
A4B,379,1
B2B,1,15
B2B,2,9
B2B,3,16
B2B,4,10
B2B,5,19
B2B,6,13
B2B,7,28
B2B,8,10
B2B,9,4
B2B,10,16
B2B,11,20
B2B,12,15
B2B,13,6
B2B,14,16
B2B,15,16
B2B,16,7
B2B,17,11
B2B,18,18
B2B,19,5
B2B,20,6
B2B,21,14
B2B,22,11
B2B,23,6
B2B,24,13
B2B,25,10
B2B,26,11
B2B,27,7
B2B,28,16
B2B,29,6
B2B,30,6
B2B,31,10
B2B,32,8
B2B,33,11
B2B,34,12
B2B,35,1
B2B,36,17
B2B,37,15
B2B,38,10
B2B,39,2
B2B,40,7
B2B,41,13
B2B,42,8
B2B,43,10
B2B,44,5
B2B,45,12
B2B,46,13
B2B,47,1
B2B,48,7
B2B,49,14
B2B,50,8
B2B,51,19
B2B,52,15
B2B,53,4
B2B,54,9
B2B,55,10
B2B,56,4
B2B,57,13
B2B,58,9
B2B,59,13
B2B,60,8
B2B,61,11
B2B,62,16
B2B,63,15
B2B,64,9
B2B,65,13
B2B,66,16
B2B,67,8
B2B,68,8
B2B,69,9
B2B,70,4
B2B,71,2
B2B,72,3
B2B,73,5
B2B,74,3
B2B,75,4
B2B,76,2
B2B,77,1
B2B,78,1
B2B,79,0
B2B,80,1
B2B,81,1
B2B,82,1
B2B,83,0
B2B,84,2
B2B,85,1
B2B,86,0
B2B,87,0
B2B,88,0
B2B,89,0
B2B,90,0
B2B,91,0
B2B,92,0
B2B,93,0
B2B,94,0
B2B,95,1
B2B,96,0
B2B,97,1
B2B,98,0
B2B,99,0
B2B,100,0
B2B,101,0
B2B,102,0
B2B,103,0
B2B,104,0
B2B,105,0
B2B,106,1
B2B,107,1
B2B,108,0
B2B,109,0
B2B,110,0
B2B,111,0
B2B,112,0
B2B,113,1
B2B,114,1
B2B,115,1
B2B,116,0
B2B,117,2
A3A,1,5
A3A,2,8
A3A,3,5
A3A,4,6
A3A,5,3
A3A,6,6
A3A,7,9
A3A,8,13
A3A,9,3
A3A,10,1
A3A,11,6
A3A,12,3
A3A,13,9
A3A,14,7
A3A,15,2
A3A,16,5
A3A,17,5
A3A,18,10
A3A,19,4
A3A,20,1
A3A,21,2
A3A,22,8
A3A,23,4
A3A,24,2
A3A,25,13
A3A,26,5
A3A,27,2
A3A,28,7
A3A,29,9
A3A,30,8
A3A,31,7
A3A,32,4
A3A,33,6
A3A,34,12
A3A,35,4
A3A,36,3
A3A,37,8
A3A,38,5
A3A,39,3
A3A,40,4
A3A,41,4
A3A,42,5
A3A,43,4
A3A,44,6
A3A,45,3
A3A,46,20
A3A,47,4
A3A,48,10
A3A,49,8
A3A,50,3
A3A,51,1
A3A,52,5
A3A,53,1
A3A,54,10
A3A,55,4
A3A,56,4
A3A,57,9
A3A,58,4
A3A,59,4
A3A,60,8
A3A,61,4
A3A,62,4
A3A,63,5
A3A,64,1
A3A,65,6
A3A,66,6
A3A,67,3
A3A,68,4
A3A,69,10
A3A,70,1
A3A,71,1
A3A,72,1
A3A,73,1
A3A,74,1
A3A,75,1
A3A,76,0
A3A,77,0
A3A,78,0
A3A,79,0
A3A,80,0
A3A,81,1
A3A,82,0
A3A,83,0
A3A,84,1
A3A,85,0
A3A,86,0
A3A,87,0
A3A,88,0
A3A,89,0
A3A,90,2
A3A,91,0
A3A,92,0
A3A,93,1
A3A,94,0
A3A,95,0
A3A,96,0
A3A,97,0
A3A,98,2
A3A,99,0
A3A,100,0
A3A,101,0
A3A,102,0
A3A,103,0
A2,1,10
A2,2,8
A2,3,9
A2,4,3
A2,5,4
A2,6,7
A2,7,8
A2,8,10
A2,9,9
A2,10,4
A2,11,3
A2,12,2
A2,13,2
A2,14,3
A2,15,13
A2,16,8
A2,17,4
A2,18,1
A2,19,1
A2,20,2
A2,21,11
A2,22,5
A2,23,9
A2,24,1
A2,25,10
A2,26,5
A2,27,10
A2,28,8
A2,29,5
A2,30,7
A2,31,3
A2,32,2
A2,33,1
A2,34,3
A2,35,3
A2,36,2
A2,37,1
A2,38,14
A2,39,10
A2,40,4
A2,41,1
A2,42,10
A2,43,8
A2,44,11
A2,45,3
A2,46,1
A2,47,6
A2,48,12
A2,49,5
A2,50,6
A2,51,8
A2,52,12
A2,53,5
A2,54,8
A2,55,3
A2,56,5
A2,57,2
A2,58,1
A2,59,1
A2,60,3
A2,61,10
A2,62,7
A2,63,14
A2,64,6
A2,65,4
A2,66,11
A2,67,7
A2,68,5
A2,69,9
A2,70,5
A2,71,4
A2,72,3
A2,73,2
A2,74,4
A2,75,6
A2,76,4
A2,77,7
A2,78,10
A2,79,1
A2,80,6
A2,81,2
A2,82,2
A2,83,3
A2,84,1
A2,85,5
A2,86,11
A2,87,8
A2,88,4
A2,89,2
A2,90,8
A2,91,2
A2,92,11
A2,93,10
A2,94,3
A2,95,3
A2,96,5
A2,97,2
A2,98,11
A2,99,4
A2,100,8
A2,101,7
A2,102,6
A2,103,5
A2,104,4
A2,105,7
A2,106,5
A2,107,2
A2,108,2
A2,109,1
A2,110,5
A2,111,5
A2,112,3
A2,113,4
A2,114,1
A2,115,7
A2,116,4
A2,117,6
A2,118,1
A2,119,4
A2,120,4
A2,121,6
A2,122,3
A2,123,1
A2,124,8
A2,125,7
A2,126,9
A2,127,4
A2,128,2
A2,129,2
A2,130,12
A2,131,14
A2,132,4
A2,133,4
A2,134,4
A2,135,2
A2,136,5
A2,137,10
A2,138,6
A2,139,5
A2,140,3
A2,141,6
A2,142,15
A2,143,3
A2,144,8
A2,145,6
A2,146,9
A2,147,11
A2,148,7
A2,149,5
A2,150,12
A2,151,4
A2,152,2
A2,153,4
A2,154,6
A2,155,7
A2,156,1
A2,157,1
A2,158,1
A2,159,1
A2,160,1
A2,161,1
A2,162,2
A2,163,1
A2,164,1
A2,165,1
A2,166,1
A2,167,1
A2,168,1
A2,169,1
A2,170,2
A2,171,1
A2,172,1
A2,173,1
A2,174,1
A2,175,1
A2,176,1
A2,177,1
A2,178,1
A2,179,1
A2,180,0
A2,181,0
A2,182,0
A2,183,0
A2,184,0
A2,185,0
A2,186,0
A2,187,0
A2,188,0
A2,189,0
A2,190,2
A2,191,0
A2,192,0
A2,193,0
A2,194,0
A2,195,2
A2,196,0
A2,197,0
A2,198,0
A2,199,0
A2,200,0
A2,201,0
A2,202,0
A2,203,0
A2,204,1
A2,205,0
A2,206,0
A2,207,1
B4,1,9
B4,2,4
B4,3,10
B4,4,9
B4,5,3
B4,6,2
B4,7,5
B4,8,6
B4,9,7
B4,10,6
B4,11,2
B4,12,9
B4,13,8
B4,14,1
B4,15,12
B4,16,6
B4,17,9
B4,18,6
B4,19,1
B4,20,10
B4,21,4
B4,22,6
B4,23,1
B4,24,8
B4,25,7
B4,26,2
B4,27,7
B4,28,7
B4,29,8
B4,30,11
B4,31,7
B4,32,8
B4,33,3
B4,34,13
B4,35,2
B4,36,7
B4,37,2
B4,38,8
B4,39,6
B4,40,1
B4,41,2
B4,42,10
B4,43,6
B4,44,1
B4,45,6
B4,46,10
B4,47,7
B4,48,2
B4,49,9
B4,50,5
B4,51,8
B4,52,2
B4,53,2
B4,54,6
B4,55,3
B4,56,9
B4,57,11
B4,58,1
B4,59,1
B4,60,5
B4,61,5
B4,62,6
B4,63,9
B4,64,6
B4,65,10
B4,66,5
B4,67,2
B4,68,1
B4,69,14
B4,70,1
B4,71,9
B4,72,7
B4,73,7
B4,74,3
B4,75,3
B4,76,8
B4,77,5
B4,78,1
B4,79,6
B4,80,6
B4,81,7
B4,82,2
B4,83,2
B4,84,3
B4,85,8
B4,86,6
B4,87,13
B4,88,4
B4,89,1
B4,90,5
B4,91,13
B4,92,6
B4,93,5
B4,94,5
B4,95,6
B4,96,5
B4,97,3
B4,98,4
B4,99,5
B4,100,7
B4,101,10
B4,102,10
B4,103,3
B4,104,4
B4,105,6
B4,106,6
B4,107,1
B4,108,1
B4,109,4
B4,110,2
B4,111,1
B4,112,5
B4,113,2
B4,114,10
B4,115,2
B4,116,10
B4,117,1
B4,118,1
B4,119,1
B4,120,2
B4,121,12
B4,122,1
B4,123,6
B4,124,5
B4,125,8
B4,126,5
B4,127,1
B4,128,6
B4,129,11
B4,130,3
B4,131,11
B4,132,7
B4,133,2
B4,134,6
B4,135,6
B4,136,9
B4,137,6
B4,138,3
B4,139,3
B4,140,10
B4,141,5
B4,142,6
B4,143,2
B4,144,3
B4,145,6
B4,146,9
B4,147,9
B4,148,6
B4,149,4
B4,150,3
B4,151,5
B4,152,5
B4,153,6
B4,154,4
B4,155,2
B4,156,1
B4,157,1
B4,158,1
B4,159,1
B4,160,1
B4,161,2
B4,162,2
B4,163,2
B4,164,1
B4,165,1
B4,166,2
B4,167,1
B4,168,1
B4,169,2
B4,170,1
B4,171,1
B4,172,1
B4,173,1
B4,174,1
B4,175,1
B4,176,2
B4,177,2
B4,178,2
B4,179,1
B4,180,0
B4,181,0
B4,182,1
B4,183,0
B4,184,0
B4,185,0
B4,186,0
B4,187,0
B4,188,0
B4,189,0
B4,190,2
B4,191,0
B4,192,0
B4,193,1
B4,194,0
B4,195,1
B4,196,0
B4,197,2
B4,198,1
B4,199,0
B4,200,1
B4,201,0
B4,202,1
B4,203,0
B4,204,2
B4,205,1
B4,206,1
B4,207,1
B4,208,0
B4,209,1
B4,210,0
B4,211,0
B4,212,0
B4,213,1
B4,214,0
B4,215,1
B4,216,0
B4,217,0
B4,218,0
B4,219,1
B4,220,1
B4,221,0
B4,222,0
B4,223,0
B4,224,1
B4,225,0
B4,226,0
B4,227,0
B4,228,0
B4,229,0
B4,230,0
B4,231,0
B4,232,0
B4,233,0
A2B,1,50
A2B,2,48
A2B,3,7
A2B,4,54
A2B,5,67
A2B,6,49
A2B,7,15
A2B,8,64
A2B,9,35
A2B,10,7
A2B,11,63
A2B,12,16
A2B,13,31
A2B,14,50
A2B,15,46
A2B,16,48
A2B,17,34
A2B,18,67
A2B,19,12
A2B,20,13
A2B,21,35
A2B,22,15
A2B,23,61
A2B,24,41
A2B,25,47
A2B,26,44
A2B,27,44
A2B,28,16
A2B,29,56
A2B,30,48
A2B,31,17
A2B,32,55
A2B,33,50
A2B,34,32
A2B,35,6
A2B,36,53
A2B,37,47
A2B,38,53
A2B,39,17
A2B,40,60
A2B,41,54
A2B,42,56
A2B,43,6
A2B,44,49
A2B,45,53
A2B,46,40
A2B,47,51
A2B,48,5
A2B,49,33
A2B,50,64
A2B,51,10
A2B,52,58
A2B,53,48
A2B,54,11
A2B,55,56
A2B,56,34
A2B,57,12
A2B,58,62
A2B,59,64
A2B,60,57
A2B,61,10
A2B,62,48
A2B,63,66
A2B,64,64
A2B,65,9
A2B,66,62
A2B,67,52
A2B,68,50
A2B,69,41
A2B,70,47
A2B,71,43
A2B,72,32
A2B,73,9
A2B,74,9
A2B,75,9
A2B,76,9
A2B,77,8
A2B,78,9
A2B,79,0
A2B,80,1
A2B,81,0
A2B,82,0
A2B,83,0
A2B,84,0
A2B,85,0
A2B,86,0
A2B,87,0
A2B,88,0
A2B,89,2
A2B,90,3
A2B,91,1
A2B,92,1
A2B,93,1
A2B,94,0
A2B,95,1
A2B,96,4
A2B,97,0
A2B,98,3
A2B,99,6
A2B,100,1
A2B,101,0
A2B,102,2
A2B,103,2
A2B,104,0
A2B,105,2
A2B,106,2
A2B,107,0
A2B,108,2
A2B,109,1
A2B,110,1
A2B,111,2
B4B,1,8
B4B,2,5
B4B,3,2
B4B,4,5
B4B,5,1
B4B,6,3
B4B,7,15
B4B,8,2
B4B,9,4
B4B,10,6
B4B,11,9
B4B,12,2
B4B,13,1
B4B,14,6
B4B,15,2
B4B,16,8
B4B,17,4
B4B,18,10
B4B,19,4
B4B,20,9
B4B,21,8
B4B,22,11
B4B,23,1
B4B,24,3
B4B,25,7
B4B,26,1
B4B,27,1
B4B,28,4
B4B,29,28
B4B,30,10
B4B,31,4
B4B,32,7
B4B,33,8
B4B,34,10
B4B,35,2
B4B,36,8
B4B,37,7
B4B,38,2
B4B,39,15
B4B,40,6
B4B,41,3
B4B,42,11
B4B,43,5
B4B,44,2
B4B,45,3
B4B,46,5
B4B,47,7
B4B,48,2
B4B,49,5
B4B,50,1
B4B,51,5
B4B,52,5
B4B,53,7
B4B,54,3
B4B,55,21
B4B,56,4
B4B,57,16
B4B,58,7
B4B,59,5
B4B,60,3
B4B,61,5
B4B,62,25
B4B,63,14
B4B,64,2
B4B,65,13
B4B,66,2
B4B,67,7
B4B,68,2
B4B,69,16
B4B,70,2
B4B,71,4
B4B,72,5
B4B,73,3
B4B,74,9
B4B,75,3
B4B,76,1
B4B,77,4
B4B,78,11
B4B,79,4
B4B,80,3
B4B,81,5
B4B,82,9
B4B,83,5
B4B,84,15
B4B,85,7
B4B,86,6
B4B,87,3
B4B,88,4
B4B,89,5
B4B,90,3
B4B,91,11
B4B,92,7
B4B,93,3
B4B,94,5
B4B,95,5
B4B,96,2
B4B,97,15
B4B,98,17
B4B,99,3
B4B,100,19
B4B,101,1
B4B,102,10
B4B,103,3
B4B,104,9
B4B,105,7
B4B,106,5
B4B,107,6
B4B,108,3
B4B,109,4
B4B,110,1
B4B,111,8
B4B,112,4
B4B,113,2
B4B,114,2
B4B,115,5
B4B,116,5
B4B,117,5
B4B,118,5
B4B,119,2
B4B,120,4
B4B,121,11
B4B,122,9
B4B,123,4
B4B,124,11
B4B,125,2
B4B,126,18
B4B,127,4
B4B,128,3
B4B,129,18
B4B,130,12
B4B,131,5
B4B,132,8
B4B,133,3
B4B,134,8
B4B,135,12
B4B,136,3
B4B,137,12
B4B,138,5
B4B,139,15
B4B,140,10
B4B,141,2
B4B,142,3
B4B,143,3
B4B,144,7
B4B,145,8
B4B,146,4
B4B,147,13
B4B,148,1
B4B,149,3
B4B,150,3
B4B,151,2
B4B,152,1
B4B,153,18
B4B,154,2
B4B,155,3
B4B,156,1
B4B,157,3
B4B,158,6
B4B,159,1
B4B,160,4
B4B,161,9
B4B,162,9
B4B,163,4
B4B,164,1
B4B,165,2
B4B,166,3
B4B,167,2
B4B,168,3
B4B,169,10
B4B,170,1
B4B,171,7
B4B,172,3
B4B,173,2
B4B,174,9
B4B,175,10
B4B,176,4
B4B,177,5
B4B,178,11
B4B,179,3
B4B,180,12
B4B,181,1
B4B,182,2
B4B,183,10
B4B,184,3
B4B,185,3
B4B,186,9
B4B,187,12
B4B,188,4
B4B,189,8
B4B,190,4
B4B,191,18
B4B,192,2
B4B,193,10
B4B,194,5
B4B,195,11
B4B,196,7
B4B,197,5
B4B,198,7
B4B,199,3
B4B,200,6
B4B,201,6
B4B,202,2
B4B,203,10
B4B,204,6
B4B,205,4
B4B,206,9
B4B,207,6
B4B,208,9
B4B,209,15
B4B,210,9
B4B,211,8
B4B,212,8
B4B,213,4
B4B,214,9
B4B,215,8
B4B,216,8
B4B,217,2
B4B,218,7
B4B,219,2
B4B,220,6
B4B,221,5
B4B,222,10
B4B,223,5
B4B,224,6
B4B,225,10
B4B,226,6
B4B,227,6
B4B,228,7
B4B,229,4
B4B,230,1
B4B,231,1
B4B,232,13
B4B,233,2
B4B,234,9
B4B,235,10
B4B,236,11
B4B,237,1
B4B,238,1
B4B,239,1
B4B,240,1
B4B,241,1
B4B,242,1
B4B,243,1
B4B,244,1
B4B,245,2
B4B,246,1
B4B,247,1
B4B,248,1
B4B,249,1
B4B,250,1
B4B,251,1
B4B,252,1
B4B,253,1
B4B,254,1
B4B,255,1
B4B,256,0
B4B,257,1
B4B,258,1
B4B,259,1
B4B,260,2
B4B,261,1
B4B,262,1
B4B,263,1
B4B,264,1
B4B,265,1
B4B,266,1
B4B,267,2
B4B,268,1
B4B,269,1
B4B,270,0
B4B,271,1
B4B,272,0
B4B,273,1
B4B,274,1
B4B,275,1
B4B,276,1
B4B,277,1
B4B,278,1
B4B,279,0
B4B,280,1
B4B,281,1
B4B,282,1
B4B,283,1
B4B,284,1
B4B,285,2
B4B,286,1
B4B,287,1
B4B,288,1
B4B,289,1
B4B,290,3
B4B,291,2
B4B,292,1
B4B,293,1
B4B,294,0
B4B,295,1
B4B,296,1
B4B,297,1
B4B,298,1
B4B,299,0
B4B,300,1
B4B,301,1
B4B,302,1
B4B,303,0
B4B,304,1
B4B,305,1
B4B,306,1
B4B,307,0
B4B,308,0
B4B,309,1
B4B,310,0
B4B,311,0
B4B,312,1
B4B,313,1
B4B,314,1
B4B,315,1
B4B,316,1
B4B,317,1
B4B,318,1
B4B,319,1
B4B,320,0
B4B,321,1
B4B,322,1
B4B,323,1
B4B,324,1
B4B,325,1
B4B,326,1
B4B,327,1
B4B,328,1
B4B,329,1
B4B,330,1
B4B,331,0
B4B,332,1
B4B,333,0
B4B,334,1
B4B,335,0
B4B,336,1
B4B,337,0
B4B,338,1
B4B,339,1
B4B,340,1
B4B,341,0
B4B,342,1
B4B,343,1
B4B,344,0
B4B,345,1
B4B,346,1
B4B,347,0
B4B,348,1
B4B,349,0
B4B,350,1
B4B,351,1
B4B,352,1
B4B,353,1
B4B,354,1
B4B,355,1
B4B,356,1
B4B,357,1
B4B,358,0
B4B,359,1
B4B,360,1
B4B,361,1
B4B,362,1
B4B,363,0
B4B,364,0
B4B,365,0
B4B,366,1
B4B,367,1
B4B,368,1
B4B,369,0
B4B,370,1
B4B,371,0
B4B,372,0
B4B,373,0
B4B,374,0
B4B,375,0
B4B,376,0
B4B,377,0
B4B,378,0
B4B,379,0
B4B,380,1
B4B,381,1
B4B,382,1
B4B,383,1
B4B,384,0
B4B,385,1
B4B,386,1
B4B,387,0
B4B,388,1
B4B,389,0
B4B,390,1
B4B,391,1
B4B,392,0
B4B,393,1
B4B,394,1
B4B,395,2
B4B,396,0
B4B,397,0
B4B,398,1
B4B,399,1
B4B,400,0
B4B,401,1
B4B,402,1
B4B,403,2
B4B,404,1
B4B,405,1
B4B,406,4
B4B,407,3
B4B,408,2
B4B,409,0
B4B,410,0
B4B,411,0
B4B,412,0
B4B,413,0
B4B,414,0
B4B,415,0
B4B,416,0
B4B,417,0
B4B,418,0
B4B,419,0
B4B,420,0
B4B,421,0
B4B,422,0
B4B,423,0
B4B,424,0
B4B,425,1
B4B,426,0
B4B,427,0
B4B,428,0
B4B,429,0
A1A,1,6
A1A,2,6
A1A,3,5
A1A,4,11
A1A,5,6
A1A,6,8
A1A,7,5
A1A,8,3
A1A,9,1
A1A,10,7
A1A,11,4
A1A,12,2
A1A,13,10
A1A,14,1
A1A,15,5
A1A,16,7
A1A,17,15
A1A,18,5
A1A,19,6
A1A,20,5
A1A,21,6
A1A,22,13
A1A,23,6
A1A,24,8
A1A,25,4
A1A,26,3
A1A,27,4
A1A,28,5
A1A,29,7
A1A,30,6
A1A,31,3
A1A,32,3
A1A,33,2
A1A,34,4
A1A,35,4
A1A,36,4
A1A,37,3
A1A,38,2
A1A,39,10
A1A,40,8
A1A,41,6
A1A,42,7
A1A,43,6
A1A,44,7
A1A,45,3
A1A,46,5
A1A,47,4
A1A,48,3
A1A,49,5
A1A,50,9
A1A,51,7
A1A,52,6
A1A,53,9
A1A,54,2
A1A,55,6
A1A,56,3
A1A,57,6
A1A,58,16
A1A,59,4
A1A,60,1
A1A,61,3
A1A,62,2
A1A,63,13
A1A,64,5
A1A,65,5
A1A,66,2
A1A,67,3
A1A,68,10
A1A,69,1
A1A,70,2
A1A,71,1
A1A,72,3
A1A,73,2
A1A,74,2
A1A,75,0
A1A,76,0
A1A,77,0
A1A,78,0
A1A,79,0
A1A,80,0
A1A,81,0
A1A,82,1
A1A,83,1
A1A,84,0
A1A,85,2
A1A,86,0
B3A,1,5
B3A,2,10
B3A,3,10
B3A,4,8
B3A,5,6
B3A,6,16
B3A,7,8
B3A,8,4
B3A,9,7
B3A,10,10
B3A,11,13
B3A,12,8
B3A,13,4
B3A,14,12
B3A,15,16
B3A,16,3
B3A,17,6
B3A,18,10
B3A,19,3
B3A,20,10
B3A,21,13
B3A,22,9
B3A,23,16
B3A,24,8
B3A,25,10
B3A,26,4
B3A,27,2
B3A,28,1
B3A,29,2
B3A,30,3
B3A,31,9
B3A,32,12
B3A,33,3
B3A,34,7
B3A,35,9
B3A,36,3
B3A,37,7
B3A,38,12
B3A,39,6
B3A,40,4
B3A,41,5
B3A,42,12
B3A,43,1
B3A,44,12
B3A,45,1
B3A,46,7
B3A,47,1
B3A,48,6
B3A,49,8
B3A,50,5
B3A,51,12
B3A,52,3
B3A,53,2
B3A,54,1
B3A,55,2
B3A,56,7
B3A,57,11
B3A,58,4
B3A,59,5
B3A,60,1
B3A,61,11
B3A,62,14
B3A,63,9
B3A,64,9
B3A,65,7
B3A,66,10
B3A,67,11
B3A,68,5
B3A,69,6
B3A,70,9
B3A,71,4
B3A,72,3
B3A,73,10
B3A,74,7
B3A,75,2
B3A,76,1
B3A,77,1
B3A,78,1
B3A,79,3
B3A,80,1
B3A,81,0
B3A,82,0
B3A,83,1
B3A,84,0
B3A,85,0
B3A,86,1
B3A,87,0
B3A,88,1
B3A,89,1
B3A,90,1
B3A,91,1
B3A,92,1
B3A,93,2
B3A,94,0
B3A,95,1
B3A,96,0
B3A,97,0
B3A,98,0
B3A,99,0
B3A,100,0
B3A,101,2
B3A,102,0
B3A,103,0
B3A,104,0
B3A,105,1
B3A,106,0
B3A,107,1
B3A,108,0
B3A,109,0
B2A,1,8
B2A,2,11
B2A,3,1
B2A,4,4
B2A,5,1
B2A,6,5
B2A,7,3
B2A,8,7
B2A,9,1
B2A,10,10
B2A,11,4
B2A,12,8
B2A,13,4
B2A,14,3
B2A,15,1
B2A,16,5
B2A,17,7
B2A,18,2
B2A,19,5
B2A,20,1
B2A,21,1
B2A,22,5
B2A,23,2
B2A,24,1
B2A,25,7
B2A,26,4
B2A,27,7
B2A,28,2
B2A,29,9
B2A,30,1
B2A,31,2
B2A,32,3
B2A,33,4
B2A,34,11
B2A,35,4
B2A,36,3
B2A,37,5
B2A,38,5
B2A,39,6
B2A,40,2
B2A,41,5
B2A,42,1
B2A,43,5
B2A,44,1
B2A,45,1
B2A,46,5
B2A,47,2
B2A,48,2
B2A,49,11
B2A,50,2
B2A,51,1
B2A,52,4
B2A,53,6
B2A,54,11
B2A,55,9
B2A,56,6
B2A,57,5
B2A,58,4
B2A,59,6
B2A,60,3
B2A,61,6
B2A,62,1
B2A,63,1
B2A,64,8
B2A,65,4
B2A,66,3
B2A,67,3
B2A,68,2
B2A,69,5
B2A,70,7
B2A,71,10
B2A,72,1
B2A,73,7
B2A,74,1
B2A,75,10
B2A,76,6
B2A,77,3
B2A,78,3
B2A,79,7
B2A,80,5
B2A,81,8
B2A,82,5
B2A,83,8
B2A,84,4
B2A,85,3
B2A,86,3
B2A,87,5
B2A,88,6
B2A,89,7
B2A,90,6
B2A,91,10
B2A,92,7
B2A,93,1
B2A,94,1
B2A,95,1
B2A,96,1
B2A,97,4
B2A,98,3
B2A,99,1
B2A,100,1
B2A,101,0
B2A,102,0
B2A,103,0
B2A,104,0
B2A,105,0
B2A,106,0
B2A,107,0
B2A,108,0
B2A,109,1
B2A,110,1
B2A,111,1
B2A,112,1
B2A,113,1
B2A,114,1
B2A,115,1
B2A,116,0
B2A,117,0
B2A,118,1
B2A,119,1
B2A,120,0
B2A,121,0
B2A,122,0
B2A,123,0
B2A,124,0
B2A,125,0
B2A,126,1
B2A,127,1
B2A,128,2
B2A,129,0
B2A,130,0
B2A,131,0
B1A,1,8
B1A,2,5
B1A,3,3
B1A,4,2
B1A,5,6
B1A,6,5
B1A,7,10
B1A,8,3
B1A,9,15
B1A,10,7
B1A,11,12
B1A,12,4
B1A,13,4
B1A,14,7
B1A,15,13
B1A,16,11
B1A,17,5
B1A,18,7
B1A,19,5
B1A,20,3
B1A,21,2
B1A,22,9
B1A,23,6
B1A,24,15
B1A,25,7
B1A,26,3
B1A,27,10
B1A,28,8
B1A,29,10
B1A,30,11
B1A,31,9
B1A,32,8
B1A,33,11
B1A,34,4
B1A,35,6
B1A,36,9
B1A,37,1
B1A,38,9
B1A,39,10
B1A,40,2
B1A,41,9
B1A,42,2
B1A,43,6
B1A,44,3
B1A,45,12
B1A,46,6
B1A,47,7
B1A,48,2
B1A,49,8
B1A,50,2
B1A,51,4
B1A,52,3
B1A,53,7
B1A,54,3
B1A,55,6
B1A,56,5
B1A,57,7
B1A,58,3
B1A,59,6
B1A,60,7
B1A,61,3
B1A,62,12
B1A,63,4
B1A,64,8
B1A,65,5
B1A,66,7
B1A,67,6
B1A,68,7
B1A,69,2
B1A,70,5
B1A,71,3
B1A,72,3
B1A,73,1
B1A,74,3
B1A,75,1
B1A,76,1
B1A,77,1
B1A,78,1
B1A,79,1
B1A,80,1
B1A,81,2
B1A,82,1
B1A,83,1
B1A,84,1
B1A,85,1
B1A,86,1
B1A,87,0
B1A,88,0
B1A,89,1
B1A,90,0
B1A,91,0
B1A,92,1
B1A,93,1
B1A,94,1
B1A,95,1
B1A,96,0
B1A,97,1
B1A,98,0
B1A,99,1
B1A,100,1
B1A,101,0
B1A,102,0
B1A,103,0
B1,1,3
B1,2,2
B1,3,10
B1,4,4
B1,5,2
B1,6,8
B1,7,1
B1,8,4
B1,9,2
B1,10,3
B1,11,19
B1,12,14
B1,13,9
B1,14,4
B1,15,8
B1,16,4
B1,17,10
B1,18,4
B1,19,16
B1,20,1
B1,21,8
B1,22,8
B1,23,22
B1,24,18
B1,25,7
B1,26,1
B1,27,1
B1,28,8
B1,29,5
B1,30,5
B1,31,2
B1,32,2
B1,33,15
B1,34,6
B1,35,2
B1,36,3
B1,37,6
B1,38,8
B1,39,3
B1,40,3
B1,41,6
B1,42,4
B1,43,2
B1,44,17
B1,45,9
B1,46,7
B1,47,4
B1,48,6
B1,49,7
B1,50,5
B1,51,1
B1,52,3
B1,53,9
B1,54,3
B1,55,1
B1,56,5
B1,57,3
B1,58,17
B1,59,12
B1,60,8
B1,61,5
B1,62,3
B1,63,16
B1,64,15
B1,65,18
B1,66,4
B1,67,1
B1,68,7
B1,69,1
B1,70,2
B1,71,4
B1,72,5
B1,73,3
B1,74,4
B1,75,3
B1,76,5
B1,77,5
B1,78,7
B1,79,4
B1,80,2
B1,81,3
B1,82,4
B1,83,5
B1,84,1
B1,85,3
B1,86,8
B1,87,7
B1,88,2
B1,89,22
B1,90,7
B1,91,9
B1,92,18
B1,93,12
B1,94,1
B1,95,6
B1,96,2
B1,97,18
B1,98,6
B1,99,16
B1,100,12
B1,101,5
B1,102,6
B1,103,6
B1,104,3
B1,105,3
B1,106,1
B1,107,2
B1,108,3
B1,109,4
B1,110,3
B1,111,2
B1,112,8
B1,113,6
B1,114,2
B1,115,12
B1,116,13
B1,117,5
B1,118,1
B1,119,6
B1,120,2
B1,121,5
B1,122,18
B1,123,13
B1,124,4
B1,125,12
B1,126,2
B1,127,5
B1,128,5
B1,129,3
B1,130,8
B1,131,2
B1,132,1
B1,133,4
B1,134,1
B1,135,7
B1,136,1
B1,137,2
B1,138,5
B1,139,9
B1,140,4
B1,141,3
B1,142,4
B1,143,17
B1,144,16
B1,145,8
B1,146,6
B1,147,1
B1,148,2
B1,149,2
B1,150,2
B1,151,3
B1,152,10
B1,153,5
B1,154,1
B1,155,2
B1,156,3
B1,157,3
B1,158,1
B1,159,13
B1,160,1
B1,161,13
B1,162,16
B1,163,6
B1,164,2
B1,165,1
B1,166,16
B1,167,9
B1,168,10
B1,169,1
B1,170,9
B1,171,9
B1,172,1
B1,173,2
B1,174,3
B1,175,1
B1,176,7
B1,177,2
B1,178,1
B1,179,5
B1,180,18
B1,181,11
B1,182,8
B1,183,2
B1,184,10
B1,185,4
B1,186,4
B1,187,8
B1,188,17
B1,189,11
B1,190,7
B1,191,7
B1,192,1
B1,193,3
B1,194,3
B1,195,4
B1,196,9
B1,197,1
B1,198,13
B1,199,14
B1,200,15
B1,201,9
B1,202,2
B1,203,2
B1,204,5
B1,205,6
B1,206,3
B1,207,3
B1,208,1
B1,209,11
B1,210,6
B1,211,1
B1,212,3
B1,213,2
B1,214,4
B1,215,9
B1,216,4
B1,217,10
B1,218,3
B1,219,2
B1,220,4
B1,221,5
B1,222,2
B1,223,6
B1,224,1
B1,225,10
B1,226,6
B1,227,3
B1,228,1
B1,229,2
B1,230,2
B1,231,3
B1,232,1
B1,233,1
B1,234,1
B1,235,1
B1,236,1
B1,237,3
B1,238,2
B1,239,1
B1,240,1
B1,241,1
B1,242,2
B1,243,1
B1,244,1
B1,245,2
B1,246,1
B1,247,1
B1,248,1
B1,249,3
B1,250,2
B1,251,0
B1,252,0
B1,253,0
B1,254,0
B1,255,0
B1,256,0
B1,257,1
B1,258,0
B1,259,1
B1,260,0
B1,261,0
B1,262,0
B1,263,0
B1,264,0
B1,265,0
B1,266,0
B1,267,0
B1,268,2
B1,269,0
B1,270,2
B1,271,2
B1,272,1
B1,273,0
B1,274,0
B1,275,1
B1,276,1
B1,277,0
B1,278,1
B1,279,0
B1,280,1
B1,281,0
B1,282,0
B1,283,0
B1,284,1
B1,285,1
B1,286,1
B1,287,0
B1,288,0
B1,289,0
B1,290,0
B1,291,2
B1,292,0
B1,293,2
B1,294,0
B1,295,0
B1,296,0
B1,297,0
B1,298,0
B1,299,0
B1,300,0
B1,301,0
B1,302,0
B1,303,0
B1,304,0
B1,305,0
B1,306,0
B1,307,0
B1,308,0
B1,309,1
B1,310,0
B1,311,0
B1,312,0
B1,313,0
B1,314,0
B1,315,0
B1,316,0
B1,317,0
B1,318,1
B1,319,1
B1,320,0
B1,321,0
B1,322,0
B1,323,0
B1,324,1
B1,325,1
B1,326,1
B1,327,0
B1,328,1
B1,329,0
B1,330,0
B1,331,0
PB,1,1
PB,2,8
PB,3,5
PB,4,2
PB,5,5
PB,6,2
PB,7,1
PB,8,2
PB,9,1
PB,10,1
PB,11,1
PB,12,1
PB,13,2
PB,14,4
PB,15,3
PB,16,1
PB,17,5
PB,18,3
PB,19,2
PB,20,2
PB,21,4
PB,22,5
PB,23,5
PB,24,2
PB,25,1
PB,26,2
PB,27,2
PB,28,5
PB,29,3
PB,30,2
PB,31,2
PB,32,1
PB,33,1
PB,34,2
PB,35,6
PB,36,3
PB,37,5
PB,38,4
PB,39,1
PB,40,1
PB,41,1
PB,42,2
PB,43,3
PB,44,7
PB,45,1
PB,46,6
PB,47,1
PB,48,1
PB,49,1
PB,50,2
PB,51,6
PB,52,1
PB,53,3
PB,54,6
PB,55,1
PB,56,2
PB,57,5
PB,58,4
PB,59,5
PB,60,3
PB,61,2
PB,62,2
PB,63,1
PB,64,5
PB,65,3
PB,66,4
PB,67,7
PB,68,1
PB,69,3
PB,70,3
PB,71,1
PB,72,4
PB,73,3
PB,74,4
PB,75,3
PB,76,2
PB,77,4
PB,78,3
PB,79,1
PB,80,5
PB,81,3
PB,82,2
PB,83,1
PB,84,4
PB,85,3
PB,86,2
PB,87,1
PB,88,3
PB,89,1
PB,90,5
PB,91,3
PB,92,6
PB,93,3
PB,94,3
PB,95,1
PB,96,0
PB,97,0
PB,98,0
PB,99,0
PB,100,0
PB,101,0
PB,102,0
PB,103,0
A3B,1,8
A3B,2,6
A3B,3,10
A3B,4,15
A3B,5,8
A3B,6,14
A3B,7,9
A3B,8,5
A3B,9,9
A3B,10,24
A3B,11,13
A3B,12,10
A3B,13,8
A3B,14,19
A3B,15,14
A3B,16,7
A3B,17,4
A3B,18,20
A3B,19,10
A3B,20,8
A3B,21,24
A3B,22,24
A3B,23,23
A3B,24,4
A3B,25,4
A3B,26,21
A3B,27,12
A3B,28,7
A3B,29,18
A3B,30,5
A3B,31,20
A3B,32,18
A3B,33,4
A3B,34,7
A3B,35,8
A3B,36,16
A3B,37,15
A3B,38,16
A3B,39,12
A3B,40,10
A3B,41,12
A3B,42,16
A3B,43,8
A3B,44,11
A3B,45,14
A3B,46,12
A3B,47,17
A3B,48,26
A3B,49,14
A3B,50,14
A3B,51,27
A3B,52,22
A3B,53,4
A3B,54,7
A3B,55,16
A3B,56,5
A3B,57,2
A3B,58,19
A3B,59,8
A3B,60,9
A3B,61,11
A3B,62,16
A3B,63,13
A3B,64,18
A3B,65,18
A3B,66,14
A3B,67,9
A3B,68,10
A3B,69,7
A3B,70,1
A3B,71,3
A3B,72,1
A3B,73,1
A3B,74,2
A3B,75,3
A3B,76,3
A3B,77,1
A3B,78,1
A3B,79,0
A3B,80,0
A3B,81,0
A3B,82,0
A3B,83,0
A3B,84,1
A3B,85,0
A3B,86,0
A3B,87,1
A3B,88,0
A3B,89,1
A3B,90,0
A3B,91,0
A3B,92,1
A3B,93,1
A3B,94,1
A3B,95,1
A3B,96,0
A3B,97,0
A3B,98,0
A3B,99,0
A3B,100,0
A3B,101,0
A3B,102,1
A3B,103,1
A3B,104,1
A3B,105,1
A3B,106,2
A3B,107,0
